#pdb1	2vsv_PDZ.pdb
#pdb2	2z9i_pdz.pdb
#i	j
10	2
11	3
12	4
13	5
14	6
15	7
16	8
17	9
18	10
19	11
20	12
21	15
22	16
23	17
24	18
25	19
26	20
27	21
28	22
29	23
30	24
31	25
32	26
33	27
34	28
35	29
36	30
37	31
38	32
39	33
40	34
41	35
42	36
43	37
44	38
45	39
46	40
47	41
48	42
49	43
50	44
51	45
52	46
53	47
56	48
57	49
58	50
59	51
60	52
61	53
62	54
63	55
64	56
65	57
66	58
67	59
68	60
69	61
70	62
71	64
72	65
73	66
74	67
75	68
76	69
77	70
78	71
79	72
80	73
81	75
2	77
3	78
4	79
5	80
6	81
7	82
8	83
9	84
82	85
