domain	sccs	fold	superfamily	length	length_bin	strata
d1a04a2	c.23.1.1	c.23	c.23.1	138	100-150	c.23.1_100-150
d1a8qa_	c.69.1.12	c.69	c.69.1	274	200-300	c.69.1_200-300
d1aepa_	a.63.1.1	a.63	a.63.1	153	150-200	a.63.1_150-200
d1alua_	a.26.1.1	a.26	a.26.1	157	150-200	a.26.1_150-200
d1atia1	c.51.1.1	c.51	c.51.1	111	100-150	c.51.1_100-150
d1au1a_	a.26.1.3	a.26	a.26.1	166	150-200	a.26.1_150-200
d1auoa_	c.69.1.14	c.69	c.69.1	218	200-300	c.69.1_200-300
d1axib2	b.1.2.1	b.1	b.1.2	106	100-150	b.1.2_100-150
d1ayea2	d.58.3.1	d.58	d.58.3	92	50-100	d.58.3_50-100
d1b6ga_	c.69.1.8	c.69	c.69.1	310	300-500	c.69.1_300-500
d1b9la_	d.96.1.3	d.96	d.96.1	119	100-150	d.96.1_100-150
d1bdfa1	d.74.3.1	d.74	d.74.3	105	100-150	d.74.3_100-150
d1bdoa_	b.84.1.1	b.84	b.84.1	80	50-100	b.84.1_50-100
d1bgca_	a.26.1.1	a.26	a.26.1	158	150-200	a.26.1_150-200
d1biaa1	a.4.5.1	a.4	a.4.5	63	50-100	a.4.5_50-100
d1booa_	c.66.1.11	c.66	c.66.1	282	200-300	c.66.1_200-300
d1brta_	c.69.1.12	c.69	c.69.1	277	200-300	c.69.1_200-300
d1bu8a1	b.12.1.2	b.12	b.12.1	106	100-150	b.12.1_100-150
d1bvyf_	c.23.5.1	c.23	c.23.5	152	150-200	c.23.5_150-200
d1c0aa2	d.74.4.1	d.74	d.74.4	133	100-150	d.74.4_100-150
d1c4xa_	c.69.1.10	c.69	c.69.1	281	200-300	c.69.1_200-300
d1ca1a2	b.12.1.3	b.12	b.12.1	121	100-150	b.12.1_100-150
d1ca4a1	b.8.1.1	b.8	b.8.1	152	150-200	b.8.1_150-200
d1cc7a_	d.58.17.1	d.58	d.58.17	72	50-100	d.58.17_50-100
d1ccwa_	c.23.6.1	c.23	c.23.6	137	100-150	c.23.6_100-150
d1cd9b2	b.1.2.1	b.1	b.1.2	99	50-100	b.1.2_50-100
d1ceoa_	c.1.8.3	c.1	c.1.8	332	300-500	c.1.8_300-500
d1cf7a_	a.4.5.17	a.4	a.4.5	67	50-100	a.4.5_50-100
d1cf7b_	a.4.5.17	a.4	a.4.5	82	50-100	a.4.5_50-100
d1cfba2	b.1.2.1	b.1	b.1.2	105	100-150	b.1.2_100-150
d1cg2a2	d.58.19.1	d.58	d.58.19	113	100-150	d.58.19_100-150
d1chda_	c.40.1.1	c.40	c.40.1	198	150-200	c.40.1_150-200
d1cipa1	a.66.1.1	a.66	a.66.1	121	100-150	a.66.1_100-150
d1cnt1_	a.26.1.1	a.26	a.26.1	150	150-200	a.26.1_150-200
d1ct5a_	c.1.6.2	c.1	c.1.6	228	200-300	c.1.6_200-300
d1ctfa_	d.45.1.1	d.45	d.45.1	68	50-100	d.45.1_50-100
d1cv8a_	d.3.1.1	d.3	d.3.1	173	150-200	d.3.1_150-200
d1cwva1	b.1.14.1	b.1	b.1.14	94	50-100	b.1.14_50-100
d1d1na_	b.43.3.1	b.43	b.43.3	99	50-100	b.43.3_50-100
d1d2pa4	b.3.5.1	b.3	b.3.5	96	50-100	b.3.5_50-100
d1d8ka_	a.4.5.18	a.4	a.4.5	81	50-100	a.4.5_50-100
d1dbwa_	c.23.1.1	c.23	c.23.1	123	100-150	c.23.1_100-150
d1dcfa_	c.23.1.2	c.23	c.23.1	133	100-150	c.23.1_100-150
d1dhna_	d.96.1.3	d.96	d.96.1	121	100-150	d.96.1_100-150
d1di2a_	d.50.1.1	d.50	d.50.1	69	50-100	d.50.1_50-100
d1dm9a_	d.66.1.3	d.66	d.66.1	104	100-150	d.66.1_100-150
d1drua2	d.81.1.3	d.81	d.81.1	110	100-150	d.81.1_100-150
d1dt9a1	c.55.4.2	c.55	c.55.4	134	100-150	c.55.4_100-150
d1dtja_	d.51.1.1	d.51	d.51.1	74	50-100	d.51.1_50-100
d1dxya2	c.23.12.1	c.23	c.23.12	131	100-150	c.23.12_100-150
d1e8ca2	c.59.1.1	c.59	c.59.1	160	150-200	c.59.1_150-200
d1edta_	c.1.8.5	c.1	c.1.8	265	200-300	c.1.8_200-300
d1eera_	a.26.1.2	a.26	a.26.1	166	150-200	a.26.1_150-200
d1eerb2	b.1.2.1	b.1	b.1.2	104	100-150	b.1.2_100-150
d1egra_	c.47.1.1	c.47	c.47.1	85	50-100	c.47.1_50-100
d1ei9a_	c.69.1.13	c.69	c.69.1	279	200-300	c.69.1_200-300
d1ep3b1	b.43.4.2	b.43	b.43.4	101	100-150	b.43.4_100-150
d1evsa_	a.26.1.1	a.26	a.26.1	163	150-200	a.26.1_150-200
d1ezwa_	c.1.16.3	c.1	c.1.16	347	300-500	c.1.16_300-500
d1f00i1	b.1.14.1	b.1	b.1.14	95	50-100	b.1.14_50-100
d1f15a_	b.121.4.5	b.121	b.121.4	157	150-200	b.121.4_150-200
d1f20a2	c.25.1.4	c.25	c.25.1	165	150-200	c.25.1_150-200
d1f45b_	a.26.1.1	a.26	a.26.1	133	100-150	a.26.1_100-150
d1f74a_	c.1.10.1	c.1	c.1.10	293	200-300	c.1.10_200-300
d1fc6a3	b.36.1.3	b.36	b.36.1	92	50-100	b.36.1_50-100
d1fdra2	c.25.1.1	c.25	c.25.1	148	100-150	c.25.1_100-150
d1fe4a_	d.58.17.1	d.58	d.58.17	68	50-100	d.58.17_50-100
d1ffgb_	d.58.24.1	d.58	d.58.24	68	50-100	d.58.24_50-100
d1fftc2	f.25.1.1	f.25	f.25.1	179	150-200	f.25.1_150-200
d1fj2a1	c.69.1.14	c.69	c.69.1	224	200-300	c.69.1_200-300
d1fjgc2	d.53.1.1	d.53	d.53.1	101	100-150	d.53.1_100-150
d1fjge2	d.50.1.2	d.50	d.50.1	69	50-100	d.50.1_50-100
d1fjgj_	d.58.15.1	d.58	d.58.15	98	50-100	d.58.15_50-100
d1fnoa3	d.58.19.1	d.58	d.58.19	113	100-150	d.58.19_100-150
d1ft9a1	a.4.5.4	a.4	a.4.5	78	50-100	a.4.5_50-100
d1fxla1	d.58.7.1	d.58	d.58.7	82	50-100	d.58.7_50-100
d1fxma_	c.1.8.3	c.1	c.1.8	201	200-300	c.1.8_200-300
d1g5ia1	c.51.1.1	c.51	c.51.1	117	100-150	c.51.1_100-150
d1g60a_	c.66.1.11	c.66	c.66.1	238	200-300	c.66.1_200-300
d1g7sa1	b.43.3.1	b.43	b.43.3	97	50-100	b.43.3_50-100
d1g7sa4	c.37.1.8	c.37	c.37.1	223	200-300	c.37.1_200-300
d1gdha2	c.23.12.1	c.23	c.23.12	129	100-150	c.23.12_100-150
d1geqa_	c.1.2.4	c.1	c.1.2	241	200-300	c.1.2_200-300
d1ghja_	b.84.1.1	b.84	b.84.1	79	50-100	b.84.1_50-100
d1gr0a2	d.81.1.3	d.81	d.81.1	85	50-100	d.81.1_50-100
d1gvea_	c.1.7.1	c.1	c.1.7	324	300-500	c.1.7_300-500
d1gyta1	c.50.1.1	c.50	c.50.1	178	150-200	c.50.1_150-200
d1gz0a2	d.79.3.3	d.79	d.79.3	76	50-100	d.79.3_50-100
d1h1na_	c.1.8.3	c.1	c.1.8	305	300-500	c.1.8_300-500
d1h3fa2	d.66.1.4	d.66	d.66.1	81	50-100	d.66.1_50-100
d1h4vb1	c.51.1.1	c.51	c.51.1	96	50-100	c.51.1_50-100
d1h7ca_	a.7.5.1	a.7	a.7.5	103	100-150	a.7.5_100-150
d1hc7a1	c.51.1.1	c.51	c.51.1	127	100-150	c.51.1_100-150
d1hf8a1	a.7.8.2	a.7	a.7.8	132	100-150	a.7.8_100-150
d1hnja2	c.95.1.2	c.95	c.95.1	143	100-150	c.95.1_100-150
d1huwa_	a.26.1.1	a.26	a.26.1	166	150-200	a.26.1_150-200
d1hw1a1	a.4.5.6	a.4	a.4.5	74	50-100	a.4.5_50-100
d1i1ga2	d.58.4.2	d.58	d.58.4	80	50-100	d.58.4_50-100
d1i1rb_	a.26.1.1	a.26	a.26.1	167	150-200	a.26.1_150-200
d1i4ja_	d.55.1.1	d.55	d.55.1	110	100-150	d.55.1_100-150
d1i60a_	c.1.15.4	c.1	c.1.15	278	200-300	c.1.15_200-300
d1ib8a2	d.52.4.1	d.52	d.52.4	90	50-100	d.52.4_50-100
d1ibya_	b.6.1.4	b.6	b.6.1	112	100-150	b.6.1_100-150
d1ig0a2	c.100.1.1	c.100	c.100.1	221	200-300	c.100.1_200-300
d1ig3a2	c.100.1.1	c.100	c.100.1	169	150-200	c.100.1_150-200
d1ihja_	b.36.1.1	b.36	b.36.1	94	50-100	b.36.1_50-100
d1ijqa1	b.68.5.1	b.68	b.68.5	258	200-300	b.68.5_200-300
d1ipaa2	d.79.3.3	d.79	d.79.3	100	100-150	d.79.3_100-150
d1iq0a3	d.67.2.1	d.67	d.67.2	96	50-100	d.67.2_50-100
d1iuja_	d.58.4.5	d.58	d.58.4	102	100-150	d.58.4_100-150
d1iv0a_	c.55.3.8	c.55	c.55.3	98	50-100	c.55.3_50-100
d1iwga1	d.58.44.1	d.58	d.58.44	97	50-100	d.58.44_50-100
d1iwga2	d.58.44.1	d.58	d.58.44	104	100-150	d.58.44_100-150
d1iwga3	d.58.44.1	d.58	d.58.44	107	100-150	d.58.44_100-150
d1iwga4	d.58.44.1	d.58	d.58.44	97	50-100	d.58.44_50-100
d1j1ia_	c.69.1.10	c.69	c.69.1	258	200-300	c.69.1_200-300
d1j27a_	d.58.50.1	d.58	d.58.50	98	50-100	d.58.50_50-100
d1j4aa2	c.23.12.1	c.23	c.23.12	134	100-150	c.23.12_100-150
d1j5ya1	a.4.5.1	a.4	a.4.5	65	50-100	a.4.5_50-100
d1j6ua2	c.59.1.1	c.59	c.59.1	134	100-150	c.59.1_100-150
d1j77a_	a.132.1.2	a.132	a.132.1	199	150-200	a.132.1_150-200
d1j8ka_	b.1.2.1	b.1	b.1.2	94	50-100	b.1.2_50-100
d1j93a_	c.1.22.1	c.1	c.1.22	343	300-500	c.1.22_300-500
d1jbea_	c.23.1.1	c.23	c.23.1	126	100-150	c.23.1_100-150
d1jh3a_	d.66.1.4	d.66	d.66.1	99	50-100	d.66.1_50-100
d1jiga_	a.25.1.1	a.25	a.25.1	146	100-150	a.25.1_100-150
d1jjcb4	d.58.13.1	d.58	d.58.13	104	100-150	d.58.13_100-150
d1jjfa_	c.69.1.2	c.69	c.69.1	255	200-300	c.69.1_200-300
d1jmta_	d.58.7.3	d.58	d.58.7	98	50-100	d.58.7_50-100
d1jmxb_	b.69.2.2	b.69	b.69.2	339	300-500	b.69.2_300-500
d1jnya1	b.43.3.1	b.43	b.43.3	95	50-100	b.43.3_50-100
d1joga_	a.24.16.2	a.24	a.24.16	135	100-150	a.24.16_100-150
d1jpdx2	d.54.1.1	d.54	d.54.1	110	100-150	d.54.1_100-150
d1jpma2	d.54.1.1	d.54	d.54.1	125	100-150	d.54.1_100-150
d1jqga2	d.58.3.1	d.58	d.58.3	92	50-100	d.58.3_50-100
d1jqlb_	c.37.1.20	c.37	c.37.1	140	100-150	c.37.1_100-150
d1jr3d1	a.80.1.1	a.80	a.80.1	127	100-150	a.80.1_100-150
d1k32a1	b.36.1.3	b.36	b.36.1	91	50-100	b.36.1_50-100
d1kgsa2	c.23.1.1	c.23	c.23.1	122	100-150	c.23.1_100-150
d1kkoa2	d.54.1.1	d.54	d.54.1	160	150-200	d.54.1_150-200
d1kmma1	c.51.1.1	c.51	c.51.1	99	50-100	c.51.1_50-100
d1kn6a_	d.58.3.3	d.58	d.58.3	73	50-100	d.58.3_50-100
d1kqka_	d.58.17.1	d.58	d.58.17	80	50-100	d.58.17_50-100
d1krha1	b.43.4.2	b.43	b.43.4	100	100-150	b.43.4_100-150
d1krha2	c.25.1.2	c.25	c.25.1	133	100-150	c.25.1_100-150
d1kzla1	b.43.4.3	b.43	b.43.4	92	50-100	b.43.4_50-100
d1l0qa2	b.69.2.3	b.69	b.69.2	301	300-500	b.69.2_300-500
d1l0wa2	d.74.4.1	d.74	d.74.4	120	100-150	d.74.4_100-150
d1l3wa3	b.1.6.1	b.1	b.1.6	113	100-150	b.1.6_100-150
d1l7da2	c.23.12.2	c.23	c.23.12	194	150-200	c.23.12_150-200
d1lb6a_	b.8.1.1	b.8	b.8.1	155	150-200	b.8.1_150-200
d1ldda_	a.4.5.34	a.4	a.4.5	74	50-100	a.4.5_50-100
d1lkia_	a.26.1.1	a.26	a.26.1	172	150-200	a.26.1_150-200
d1lkoa1	a.25.1.1	a.25	a.25.1	146	100-150	a.25.1_100-150
d1loua_	d.58.14.1	d.58	d.58.14	97	50-100	d.58.14_50-100
d1lq9a_	d.58.4.3	d.58	d.58.4	112	100-150	d.58.4_100-150
d1luca_	c.1.16.1	c.1	c.1.16	326	300-500	c.1.16_300-500
d1lucb_	c.1.16.1	c.1	c.1.16	320	300-500	c.1.16_300-500
d1lvaa3	a.4.5.35	a.4	a.4.5	64	50-100	a.4.5_50-100
d1lvaa4	a.4.5.35	a.4	a.4.5	60	50-100	a.4.5_50-100
d1m5za_	b.36.1.1	b.36	b.36.1	91	50-100	b.36.1_50-100
d1mqva_	a.24.3.2	a.24	a.24.3	123	100-150	a.24.3_100-150
d1mtza_	c.69.1.7	c.69	c.69.1	290	200-300	c.69.1_200-300
d1mwqa_	d.58.4.7	d.58	d.58.4	100	100-150	d.58.4_100-150
d1mwza_	d.58.17.1	d.58	d.58.17	73	50-100	d.58.17_50-100
d1mx3a2	c.23.12.1	c.23	c.23.12	133	100-150	c.23.12_100-150
d1n1fa_	a.26.1.3	a.26	a.26.1	153	150-200	a.26.1_150-200
d1n26a3	b.1.2.1	b.1	b.1.2	104	100-150	b.1.2_100-150
d1n7ea_	b.36.1.1	b.36	b.36.1	95	50-100	b.36.1_50-100
d1nbua_	d.96.1.3	d.96	d.96.1	118	100-150	d.96.1_100-150
d1nbwb_	c.51.3.2	c.51	c.51.3	113	100-150	c.51.3_100-150
d1nh8a2	d.58.5.3	d.58	d.58.5	74	50-100	d.58.5_50-100
d1npea_	b.68.5.1	b.68	b.68.5	263	200-300	b.68.5_200-300
d1nqja_	b.18.1.36	b.18	b.18.1	96	50-100	b.18.1_50-100
d1nu0a_	c.55.3.8	c.55	c.55.3	131	100-150	c.55.3_100-150
d1ny5a1	c.23.1.1	c.23	c.23.1	137	100-150	c.23.1_100-150
d1nzaa_	d.58.5.2	d.58	d.58.5	103	100-150	d.58.5_100-150
d1o0wa1	a.149.1.1	a.149	a.149.1	169	150-200	a.149.1_150-200
d1o0wa2	d.50.1.1	d.50	d.50.1	69	50-100	d.50.1_50-100
d1o13a_	c.55.5.1	c.55	c.55.5	107	100-150	c.55.5_100-150
d1o5za1	c.59.1.2	c.59	c.59.1	137	100-150	c.59.1_100-150
d1o7d.2	b.30.5.6	b.30	b.30.5	93	50-100	b.30.5_50-100
d1o8ba2	d.58.40.1	d.58	d.58.40	72	50-100	d.58.40_50-100
d1o9ga_	c.66.1.29	c.66	c.66.1	249	200-300	c.66.1_200-300
d1od3a_	b.18.1.10	b.18	b.18.1	131	100-150	b.18.1_100-150
d1ofux_	c.37.1.22	c.37	c.37.1	118	100-150	c.37.1_100-150
d1olza2	b.69.12.1	b.69	b.69.12	474	300-500	b.69.12_300-500
d1on2a1	a.4.5.24	a.4	a.4.5	61	50-100	a.4.5_50-100
d1ox0a2	c.95.1.1	c.95	c.95.1	158	150-200	c.95.1_150-200
d1oyia_	a.4.5.19	a.4	a.4.5	62	50-100	a.4.5_50-100
d1p16a2	d.142.2.3	d.142	d.142.2	245	200-300	d.142.2_200-300
d1p1da2	b.36.1.1	b.36	b.36.1	99	50-100	b.36.1_50-100
d1p1ja2	d.81.1.3	d.81	d.81.1	115	100-150	d.81.1_100-150
d1p3da2	c.59.1.1	c.59	c.59.1	152	150-200	c.59.1_150-200
d1p4ua_	b.1.10.2	b.1	b.1.10	145	100-150	b.1.10_100-150
d1p6qa_	c.23.1.1	c.23	c.23.1	129	100-150	c.23.1_100-150
d1p6ra_	a.4.5.39	a.4	a.4.5	82	50-100	a.4.5_50-100
d1pd0a1	a.71.2.1	a.71	a.71.2	102	100-150	a.71.2_100-150
d1phza1	d.58.18.3	d.58	d.58.18	97	50-100	d.58.18_50-100
d1pj5a1	b.44.2.1	b.44	b.44.2	88	50-100	b.44.2_50-100
d1pjaa_	c.69.1.13	c.69	c.69.1	268	200-300	c.69.1_200-300
d1q0ra_	c.69.1.28	c.69	c.69.1	297	200-300	c.69.1_200-300
d1q3oa_	b.36.1.1	b.36	b.36.1	104	100-150	b.36.1_100-150
d1q5ya_	d.58.18.4	d.58	d.58.18	84	50-100	d.58.18_50-100
d1q79a3	d.58.16.1	d.58	d.58.16	124	100-150	d.58.16_100-150
d1q8ba_	d.58.4.6	d.58	d.58.4	93	50-100	d.58.4_50-100
d1qaua_	b.36.1.1	b.36	b.36.1	112	100-150	b.36.1_100-150
d1qava_	b.36.1.1	b.36	b.36.1	90	50-100	b.36.1_50-100
d1qbja_	a.4.5.19	a.4	a.4.5	65	50-100	a.4.5_50-100
d1qe0a1	c.51.1.1	c.51	c.51.1	95	50-100	c.51.1_50-100
d1qfha1	b.1.18.10	b.1	b.1.18	104	100-150	b.1.18_100-150
d1qfja1	b.43.4.2	b.43	b.43.4	91	50-100	b.43.4_50-100
d1qfja2	c.25.1.1	c.25	c.25.1	135	100-150	c.25.1_100-150
d1qmha1	c.47.2.1	c.47	c.47.2	95	50-100	c.47.2_50-100
d1qsda_	a.7.5.1	a.7	a.7.5	102	100-150	a.7.5_100-150
d1qupa2	d.58.17.1	d.58	d.58.17	72	50-100	d.58.17_50-100
d1r0ma2	d.54.1.1	d.54	d.54.1	117	100-150	d.54.1_100-150
d1r30a_	c.1.28.1	c.1	c.1.28	312	300-500	c.1.28_300-500
d1r3na2	d.58.19.1	d.58	d.58.19	116	100-150	d.58.19_100-150
d1r4xa1	b.1.10.3	b.1	b.1.10	163	150-200	b.1.10_150-200
d1r5ba1	b.43.3.1	b.43	b.43.3	95	50-100	b.43.3_50-100
d1r6wa2	d.54.1.1	d.54	d.54.1	100	100-150	d.54.1_100-150
d1rcwa_	a.132.1.4	a.132	a.132.1	213	200-300	a.132.1_200-300
d1rdua_	c.55.5.1	c.55	c.55.5	116	100-150	c.55.5_100-150
d1rh8a_	b.7.1.2	b.7	b.7.1	142	100-150	b.7.1_100-150
d1rhca_	c.1.16.3	c.1	c.1.16	330	300-500	c.1.16_300-500
d1ri5a_	c.66.1.34	c.66	c.66.1	252	200-300	c.66.1_200-300
d1rlia_	c.23.5.6	c.23	c.23.5	156	150-200	c.23.5_150-200
d1rlwa_	b.7.1.1	b.7	b.7.1	126	100-150	b.7.1_100-150
d1rtwa_	a.132.1.3	a.132	a.132.1	206	200-300	a.132.1_200-300
d1ru0a_	d.74.1.1	d.74	d.74.1	100	100-150	d.74.1_100-150
d1rzxa_	b.36.1.1	b.36	b.36.1	98	50-100	b.36.1_50-100
d1s05a_	a.24.3.2	a.24	a.24.3	129	100-150	a.24.3_100-150
d1s3aa1	c.47.1.22	c.47	c.47.1	85	50-100	c.47.1_50-100
d1s68a_	d.142.2.4	d.142	d.142.2	233	200-300	d.142.2_200-300
d1sc6a2	c.23.12.1	c.23	c.23.12	132	100-150	c.23.12_100-150
d1sc6a3	d.58.18.1	d.58	d.58.18	84	50-100	d.58.18_50-100
d1sfla_	c.1.10.1	c.1	c.1.10	230	200-300	c.1.10_200-300
d1sfua_	a.4.5.19	a.4	a.4.5	70	50-100	a.4.5_50-100
d1sjda2	d.54.1.1	d.54	d.54.1	125	100-150	d.54.1_100-150
d1sk7a_	a.132.1.2	a.132	a.132.1	187	150-200	a.132.1_150-200
d1sota1	b.36.1.4	b.36	b.36.1	78	50-100	b.36.1_50-100
d1sqra_	b.43.3.3	b.43	b.43.3	87	50-100	b.43.3_50-100
d1sr9a2	c.1.10.5	c.1	c.1.10	310	300-500	c.1.10_300-500
d1stma_	b.121.7.1	b.121	b.121.7	141	100-150	b.121.7_100-150
d1svsa1	c.37.1.8	c.37	c.37.1	195	150-200	c.37.1_150-200
d1t15a2	c.15.1.3	c.15	c.15.1	102	100-150	c.15.1_100-150
d1t1va_	c.47.1.14	c.47	c.47.1	93	50-100	c.47.1_50-100
d1t6sa2	a.4.5.60	a.4	a.4.5	77	50-100	a.4.5_50-100
d1ta3a_	c.1.8.5	c.1	c.1.8	274	200-300	c.1.8_200-300
d1thta_	c.69.1.13	c.69	c.69.1	294	200-300	c.69.1_200-300
d1tqha_	c.69.1.29	c.69	c.69.1	242	200-300	c.69.1_200-300
d1tqya2	c.95.1.1	c.95	c.95.1	205	200-300	c.95.1_200-300
d1tqyb2	c.95.1.1	c.95	c.95.1	194	150-200	c.95.1_150-200
d1tuaa1	d.51.1.1	d.51	d.51.1	84	50-100	d.51.1_50-100
d1tuva_	d.58.4.11	d.58	d.58.4	103	100-150	d.58.4_100-150
d1tvca1	b.43.4.2	b.43	b.43.4	109	100-150	b.43.4_100-150
d1tvca2	c.25.1.2	c.25	c.25.1	141	100-150	c.25.1_100-150
d1twfk_	d.74.3.2	d.74	d.74.3	114	100-150	d.74.3_100-150
d1txka1	b.1.18.2	b.1	b.1.18	115	100-150	b.1.18_100-150
d1tz0a_	d.58.4.5	d.58	d.58.4	108	100-150	d.58.4_100-150
d1u0ma1	c.95.1.2	c.95	c.95.1	200	200-300	c.95.1_200-300
d1u0ma2	c.95.1.2	c.95	c.95.1	148	100-150	c.95.1_100-150
d1u0sa_	d.58.24.1	d.58	d.58.24	86	50-100	d.58.24_50-100
d1u5ta2	a.4.5.54	a.4	a.4.5	68	50-100	a.4.5_50-100
d1u5tb2	a.4.5.54	a.4	a.4.5	75	50-100	a.4.5_50-100
d1u6ea2	c.95.1.2	c.95	c.95.1	143	100-150	c.95.1_100-150
d1u84a_	a.230.1.1	a.230	a.230.1	81	50-100	a.230.1_50-100
d1u8sa1	d.58.18.5	d.58	d.58.18	86	50-100	d.58.18_50-100
d1u8sa2	d.58.18.5	d.58	d.58.18	85	50-100	d.58.18_50-100
d1u9ya2	c.61.1.2	c.61	c.61.1	119	100-150	c.61.1_100-150
d1ucra_	a.4.5.45	a.4	a.4.5	74	50-100	a.4.5_50-100
d1ufoa_	c.69.1.27	c.69	c.69.1	238	200-300	c.69.1_200-300
d1uj6a2	d.58.40.1	d.58	d.58.40	74	50-100	d.58.40_50-100
d1uk8a_	c.69.1.10	c.69	c.69.1	271	200-300	c.69.1_200-300
d1ukua_	d.58.5.2	d.58	d.58.5	102	100-150	d.58.5_100-150
d1ussa_	a.4.5.13	a.4	a.4.5	88	50-100	a.4.5_50-100
d1utaa_	d.58.52.1	d.58	d.58.52	77	50-100	d.58.52_50-100
d1uv7a_	d.67.4.1	d.67	d.67.4	76	50-100	d.67.4_50-100
d1uxza_	b.18.1.10	b.18	b.18.1	131	100-150	b.18.1_100-150
d1v5ib1	d.58.3.2	d.58	d.58.3	72	50-100	d.58.3_50-100
d1v5va1	b.44.2.1	b.44	b.44.2	89	50-100	b.44.2_50-100
d1v6ta_	c.6.2.5	c.6	c.6.2	249	200-300	c.6.2_200-300
d1v7mv_	a.26.1.2	a.26	a.26.1	145	100-150	a.26.1_100-150
d1v93a_	c.1.23.1	c.1	c.1.23	292	200-300	c.1.23_200-300
d1vd6a_	c.1.18.3	c.1	c.1.18	218	200-300	c.1.18_200-300
d1vdma1	c.61.1.1	c.61	c.61.1	151	150-200	c.61.1_150-200
d1vfha2	c.1.6.1	c.1	c.1.6	237	200-300	c.1.6_200-300
d1vfia1	g.84.1.1	g.84	g.84.1	92	50-100	g.84.1_50-100
d1vgya2	d.58.19.1	d.58	d.58.19	113	100-150	d.58.19_100-150
d1vhoa1	b.49.3.1	b.49	b.49.3	75	50-100	b.49.3_50-100
d1vhua_	c.50.1.2	c.50	c.50.1	192	150-200	c.50.1_150-200
d1vi7a2	d.58.11.2	d.58	d.58.11	71	50-100	d.58.11_50-100
d1vloa1	b.44.2.1	b.44	b.44.2	90	50-100	b.44.2_50-100
d1vlpa2	c.1.17.2	c.1	c.1.17	266	200-300	c.1.17_200-300
d1vlya1	b.44.2.1	b.44	b.44.2	82	50-100	b.44.2_50-100
d1vm6a2	d.81.1.3	d.81	d.81.1	86	50-100	d.81.1_50-100
d1vm6a3	c.2.1.3	c.2	c.2.1	128	100-150	c.2.1_100-150
d1vmba_	d.58.14.1	d.58	d.58.14	107	100-150	d.58.14_100-150
d1vq8r1	d.55.1.1	d.55	d.55.1	150	150-200	d.55.1_150-200
d1vq8s1	d.12.1.1	d.12	d.12.1	81	50-100	d.12.1_50-100
d1w9sa_	b.18.1.10	b.18	b.18.1	134	100-150	b.18.1_100-150
d1wdda1	c.1.14.1	c.1	c.1.14	325	300-500	c.1.14_300-500
d1wi4a1	b.36.1.1	b.36	b.36.1	96	50-100	b.36.1_50-100
d1wm1a_	c.69.1.7	c.69	c.69.1	313	300-500	c.69.1_300-500
d1wmda1	b.18.1.20	b.18	b.18.1	116	100-150	b.18.1_100-150
d1wosa1	b.44.2.1	b.44	b.44.2	83	50-100	b.44.2_50-100
d1wtya_	a.24.16.2	a.24	a.24.16	116	100-150	a.24.16_100-150
d1wu7a1	c.51.1.1	c.51	c.51.1	97	50-100	c.51.1_50-100
d1wuea2	d.54.1.1	d.54	d.54.1	126	100-150	d.54.1_100-150
d1wv8a1	d.304.1.1	d.304	d.304.1	71	50-100	d.304.1_50-100
d1wwha1	d.58.7.1	d.58	d.58.7	81	50-100	d.58.7_50-100
d1wwma1	a.132.1.3	a.132	a.132.1	180	150-200	a.132.1_150-200
d1x45a1	b.36.1.1	b.36	b.36.1	85	50-100	b.36.1_50-100
d1x4da1	d.58.7.1	d.58	d.58.7	89	50-100	d.58.7_50-100
d1x4ea1	d.58.7.1	d.58	d.58.7	72	50-100	d.58.7_50-100
d1x5aa1	b.1.2.1	b.1	b.1.2	94	50-100	b.1.2_50-100
d1x5na1	b.36.1.1	b.36	b.36.1	101	100-150	b.36.1_100-150
d1x5ya1	b.1.2.1	b.1	b.1.2	98	50-100	b.1.2_50-100
d1x6da1	b.36.1.2	b.36	b.36.1	107	100-150	b.36.1_100-150
d1x7fa2	c.1.8.12	c.1	c.1.8	230	200-300	c.1.8_200-300
d1x91a_	a.29.6.1	a.29	a.29.6	149	100-150	a.29.6_100-150
d1xb4a2	a.4.5.54	a.4	a.4.5	72	50-100	a.4.5_50-100
d1xe1a_	b.43.3.1	b.43	b.43.3	91	50-100	b.43.3_50-100
d1xgsa1	a.4.5.25	a.4	a.4.5	77	50-100	a.4.5_50-100
d1xmka1	a.4.5.19	a.4	a.4.5	73	50-100	a.4.5_50-100
d1xppa_	d.74.3.2	d.74	d.74.3	99	50-100	d.74.3_50-100
d1xtea_	d.189.1.1	d.189	d.189.1	116	100-150	d.189.1_100-150
d1xyza_	c.1.8.3	c.1	c.1.8	320	300-500	c.1.8_300-500
d1y0ha_	d.58.4.11	d.58	d.58.4	101	100-150	d.58.4_100-150
d1y0ya1	b.49.3.1	b.49	b.49.3	78	50-100	b.49.3_50-100
d1y6da_	a.24.10.5	a.24	a.24.10	114	100-150	a.24.10_100-150
d1y6kr2	b.1.2.1	b.1	b.1.2	106	100-150	b.1.2_100-150
d1y7na1	b.36.1.1	b.36	b.36.1	79	50-100	b.36.1_50-100
d1y7pa2	d.58.18.12	d.58	d.58.18	73	50-100	d.58.18_50-100
d1yd9a1	c.50.1.2	c.50	c.50.1	188	150-200	c.50.1_150-200
d1yeya2	d.54.1.1	d.54	d.54.1	133	100-150	d.54.1_100-150
d1ygya3	d.58.18.1	d.58	d.58.18	78	50-100	d.58.18_50-100
d1ykga1	c.23.5.2	c.23	c.23.5	146	100-150	c.23.5_100-150
d1yloa1	b.49.3.1	b.49	b.49.3	81	50-100	b.49.3_50-100
d1yq2a2	b.1.4.1	b.1	b.1.4	93	50-100	b.1.4_50-100
d1yqha1	d.58.48.1	d.58	d.58.48	101	100-150	d.58.48_100-150
d1ys1x_	c.69.1.18	c.69	c.69.1	320	300-500	c.69.1_300-500
d1ysja2	d.58.19.1	d.58	d.58.19	96	50-100	d.58.19_50-100
d1yt8a2	c.46.1.2	c.46	c.46.1	101	100-150	c.46.1_100-150
d1yuza1	a.25.1.1	a.25	a.25.1	133	100-150	a.25.1_100-150
d1z05a1	a.4.5.63	a.4	a.4.5	71	50-100	a.4.5_50-100
d1z2la2	d.58.19.1	d.58	d.58.19	117	100-150	d.58.19_100-150
d1z6oa1	a.25.1.1	a.25	a.25.1	200	200-300	a.25.1_200-300
d1z6om1	a.25.1.1	a.25	a.25.1	191	150-200	a.25.1_150-200
d1zbsa2	c.55.1.5	c.55	c.55.1	107	100-150	c.55.1_100-150
d1zcba1	a.66.1.1	a.66	a.66.1	126	100-150	a.66.1_100-150
d1zela1	a.4.5.83	a.4	a.4.5	82	50-100	a.4.5_50-100
d1zgza1	c.23.1.1	c.23	c.23.1	120	100-150	c.23.1_100-150
d1zhva2	d.58.18.8	d.58	d.58.18	66	50-100	d.58.18_50-100
d1zkea1	a.30.6.1	a.30	a.30.6	79	50-100	a.30.6_50-100
d1zpda2	c.36.1.5	c.36	c.36.1	186	150-200	c.36.1_150-200
d1zpva1	d.58.18.7	d.58	d.58.18	83	50-100	d.58.18_50-100
d1zq1c2	d.74.4.1	d.74	d.74.4	131	100-150	d.74.4_100-150
d1ztda1	a.149.1.2	a.149	a.149.1	124	100-150	a.149.1_100-150
d1zunb1	b.43.3.1	b.43	b.43.3	92	50-100	b.43.3_50-100
d1zvpa2	d.58.18.9	d.58	d.58.18	62	50-100	d.58.18_50-100
d1zyba1	a.4.5.4	a.4	a.4.5	73	50-100	a.4.5_50-100
d2a2la1	d.110.9.1	d.110	d.110.9	142	100-150	d.110.9_100-150
d2a73a4	b.1.29.5	b.1	b.1.29	98	50-100	b.1.29_50-100
d2a73b6	b.23.4.1	b.23	b.23.4	113	100-150	b.23.4_100-150
d2a7ba_	b.1.10.2	b.1	b.1.10	120	100-150	b.1.10_100-150
d2anra1	d.51.1.0	d.51	d.51.1	72	50-100	d.51.1_50-100
d2ar5a1	d.189.1.0	d.189	d.189.1	114	100-150	d.189.1_100-150
d2asba3	d.52.3.1	d.52	d.52.3	67	50-100	d.52.3_50-100
d2asfa1	b.45.1.1	b.45	b.45.1	125	100-150	b.45.1_100-150
d2ayxa1	c.23.1.1	c.23	c.23.1	133	100-150	c.23.1_100-150
d2b3ta_	c.66.1.30	c.66	c.66.1	276	200-300	c.66.1_200-300
d2b4aa1	c.23.1.1	c.23	c.23.1	116	100-150	c.23.1_100-150
d2b61a1	c.69.1.40	c.69	c.69.1	357	300-500	c.69.1_300-500
d2b7ca2	b.44.1.1	b.44	b.44.1	107	100-150	b.44.1_100-150
d2b7cb_	d.58.12.1	d.58	d.58.12	90	50-100	d.58.12_50-100
d2b9va2	c.69.1.21	c.69	c.69.1	376	300-500	c.69.1_300-500
d2bbea_	d.58.4.0	d.58	d.58.4	103	100-150	d.58.4_100-150
d2bbya_	a.4.5.15	a.4	a.4.5	69	50-100	a.4.5_50-100
d2bh1a1	c.55.1.0	c.55	c.55.1	94	50-100	c.55.1_50-100
d2bj7a2	d.58.18.4	d.58	d.58.18	82	50-100	d.58.18_50-100
d2bm1a4	d.58.11.1	d.58	d.58.11	75	50-100	d.58.11_50-100
d2brxa1	c.73.1.3	c.73	c.73.1	217	200-300	c.73.1_200-300
d2bwqa_	b.7.1.2	b.7	b.7.1	122	100-150	b.7.1_100-150
d2bz2a1	d.58.7.1	d.58	d.58.7	79	50-100	d.58.7_50-100
d2bz7a_	b.6.1.1	b.6	b.6.1	102	100-150	b.6.1_100-150
d2c0ga1	a.71.1.0	a.71	a.71.1	106	100-150	a.71.1_100-150
d2c0ua1	a.29.3.1	a.29	a.29.3	160	150-200	a.29.3_150-200
d2c2ua_	a.25.1.0	a.25	a.25.1	178	150-200	a.25.1_150-200
d2c41a_	a.25.1.0	a.25	a.25.1	155	150-200	a.25.1_150-200
d2c78a1	b.43.3.0	b.43	b.43.3	100	100-150	b.43.3_100-150
d2c78a2	b.44.1.0	b.44	b.44.1	93	50-100	b.44.1_50-100
d2c8ua1	a.45.1.1	a.45	a.45.1	121	100-150	a.45.1_100-150
d2cc6a_	d.230.2.1	d.230	d.230.2	64	50-100	d.230.2_50-100
d2ccva1	b.154.1.1	b.154	b.154.1	99	50-100	b.154.1_50-100
d2cdqa2	d.58.18.10	d.58	d.58.18	91	50-100	d.58.18_50-100
d2cdqa3	d.58.18.10	d.58	d.58.18	75	50-100	d.58.18_50-100
d2cf7a_	a.25.1.1	a.25	a.25.1	156	150-200	a.25.1_150-200
d2cfxa2	d.58.4.2	d.58	d.58.4	77	50-100	d.58.4_50-100
d2cg4a2	d.58.4.2	d.58	d.58.4	86	50-100	d.58.4_50-100
d2cj4a_	a.29.6.1	a.29	a.29.6	147	100-150	a.29.6_100-150
d2cjta1	b.7.1.1	b.7	b.7.1	118	100-150	b.7.1_100-150
d2cmga_	c.66.1.0	c.66	c.66.1	262	200-300	c.66.1_200-300
d2cmxa_	a.4.5.78	a.4	a.4.5	68	50-100	a.4.5_50-100
d2coha4	a.4.5.4	a.4	a.4.5	81	50-100	a.4.5_50-100
d2cpda1	d.58.7.1	d.58	d.58.7	86	50-100	d.58.7_50-100
d2cq1a1	d.58.7.1	d.58	d.58.7	88	50-100	d.58.7_50-100
d2cqha1	d.58.7.1	d.58	d.58.7	80	50-100	d.58.7_50-100
d2crva1	b.43.3.0	b.43	b.43.3	202	200-300	b.43.3_200-300
d2cssa1	b.36.1.1	b.36	b.36.1	108	100-150	b.36.1_100-150
d2ctma1	d.51.1.1	d.51	d.51.1	81	50-100	d.51.1_50-100
d2cuma1	b.1.2.1	b.1	b.1.2	93	50-100	b.1.2_50-100
d2cvea2	d.58.11.2	d.58	d.58.11	67	50-100	d.58.11_50-100
d2cyja1	c.103.1.1	c.103	c.103.1	118	100-150	c.103.1_100-150
d2cyya2	d.58.4.2	d.58	d.58.4	86	50-100	d.58.4_50-100
d2cz4a1	d.58.5.1	d.58	d.58.5	100	100-150	d.58.5_100-150
d2d0ob1	c.51.3.2	c.51	c.51.3	108	100-150	c.51.3_100-150
d2d48a_	a.26.1.2	a.26	a.26.1	129	100-150	a.26.1_100-150
d2d69a1	c.1.14.1	c.1	c.1.14	291	200-300	c.1.14_200-300
d2d74b1	d.241.1.0	d.241	d.241.1	101	100-150	d.241.1_100-150
d2d81a1	c.69.1.37	c.69	c.69.1	318	300-500	c.69.1_300-500
d2daza1	b.36.1.0	b.36	b.36.1	208	200-300	b.36.1_200-300
d2dcla_	d.58.5.0	d.58	d.58.5	99	50-100	d.58.5_50-100
d2dgva1	d.58.7.0	d.58	d.58.7	202	200-300	d.58.7_200-300
d2dgxa1	d.58.7.1	d.58	d.58.7	73	50-100	d.58.7_50-100
d2dita1	d.58.7.1	d.58	d.58.7	99	50-100	d.58.7_50-100
d2dj6a_	d.96.1.0	d.96	d.96.1	105	100-150	d.96.1_100-150
d2dk5a1	a.4.5.85	a.4	a.4.5	78	50-100	a.4.5_50-100
d2dk8a1	a.4.5.85	a.4	a.4.5	68	50-100	a.4.5_50-100
d2dmga1	b.7.1.0	b.7	b.7.1	199	150-200	b.7.1_150-200
d2dnna1	d.58.7.1	d.58	d.58.7	204	200-300	d.58.7_200-300
d2do4a1	d.58.7.0	d.58	d.58.7	202	200-300	d.58.7_200-300
d2dpya1	b.49.1.1	b.49	b.49.1	73	50-100	b.49.1_50-100
d2dtra1	a.4.5.24	a.4	a.4.5	61	50-100	a.4.5_50-100
d2dx6a_	c.50.1.0	c.50	c.50.1	158	150-200	c.50.1_150-200
d2dy1a4	d.58.11.1	d.58	d.58.11	77	50-100	d.58.11_50-100
d2e1ba1	b.43.3.6	b.43	b.43.3	87	50-100	b.43.3_50-100
d2e29a1	d.58.7.5	d.58	d.58.7	85	50-100	d.58.7_50-100
d2ebba_	d.74.1.0	d.74	d.74.1	96	50-100	d.74.1_50-100
d2edma1	b.170.1.1	b.170	b.170.1	161	150-200	b.170.1_150-200
d2egha2	c.2.1.3	c.2	c.2.1	151	150-200	c.2.1_150-200
d2egoa1	b.36.1.0	b.36	b.36.1	87	50-100	b.36.1_50-100
d2egza_	c.1.10.0	c.1	c.1.10	216	200-300	c.1.10_200-300
d2ek1a1	d.58.7.1	d.58	d.58.7	72	50-100	d.58.7_50-100
d2epia_	d.58.48.0	d.58	d.58.48	98	50-100	d.58.48_50-100
d2etsa1	a.24.26.1	a.24	a.24.26	110	100-150	a.24.26_100-150
d2ez6a2	d.50.1.1	d.50	d.50.1	70	50-100	d.50.1_50-100
d2f06a1	d.58.18.11	d.58	d.58.18	71	50-100	d.58.18_50-100
d2f06a2	d.58.18.11	d.58	d.58.18	70	50-100	d.58.18_50-100
d2f1fa1	d.58.18.6	d.58	d.58.18	76	50-100	d.58.18_50-100
d2f1fa2	d.58.18.6	d.58	d.58.18	86	50-100	d.58.18_50-100
d2f1la2	b.43.3.4	b.43	b.43.3	89	50-100	b.43.3_50-100
d2f5ya1	b.36.1.1	b.36	b.36.1	77	50-100	b.36.1_50-100
d2f9wa2	c.55.1.13	c.55	c.55.1	114	100-150	c.55.1_100-150
d2fcwa1	a.13.1.1	a.13	a.13.1	105	100-150	a.13.1_100-150
d2fe5a1	b.36.1.1	b.36	b.36.1	92	50-100	b.36.1_50-100
d2fg1a2	c.50.1.2	c.50	c.50.1	150	150-200	c.50.1_150-200
d2fgca1	d.58.18.6	d.58	d.58.18	83	50-100	d.58.18_50-100
d2fh5a1	d.110.4.4	d.110	d.110.4	122	100-150	d.110.4_100-150
d2fiqa1	c.1.10.7	c.1	c.1.10	410	300-500	c.1.10_300-500
d2fjca1	a.25.1.1	a.25	a.25.1	151	150-200	a.25.1_150-200
d2fuka1	c.69.1.36	c.69	c.69.1	218	200-300	c.69.1_200-300
d2fvga1	b.49.3.1	b.49	b.49.3	73	50-100	b.49.3_50-100
d2fyxa1	d.58.57.1	d.58	d.58.57	130	100-150	d.58.57_100-150
d2fzfa1	a.25.1.1	a.25	a.25.1	158	150-200	a.25.1_150-200
d2g0wa1	c.1.15.4	c.1	c.1.15	275	200-300	c.1.15_200-300
d2g5mb1	b.36.1.0	b.36	b.36.1	215	200-300	b.36.1_200-300
d2gc6a1	c.59.1.2	c.59	c.59.1	114	100-150	c.59.1_100-150
d2gdqa2	d.54.1.1	d.54	d.54.1	115	100-150	d.54.1_100-150
d2ghpa1	d.58.7.1	d.58	d.58.7	74	50-100	d.58.7_50-100
d2ghpa2	d.58.7.1	d.58	d.58.7	75	50-100	d.58.7_50-100
d2gjva1	d.323.1.2	d.323	d.323.1	134	100-150	d.323.1_100-150
d2gk6a2	b.49.4.1	b.49	b.49.4	84	50-100	b.49.4_50-100
d2gmqa1	b.122.1.11	b.122	b.122.1	99	50-100	b.122.1_50-100
d2grea1	b.49.3.1	b.49	b.49.3	94	50-100	b.49.3_50-100
d2gysa2	b.1.2.1	b.1	b.1.2	109	100-150	b.1.2_100-150
d2gysa4	b.1.2.1	b.1	b.1.2	89	50-100	b.1.2_50-100
d2gzva1	b.36.1.0	b.36	b.36.1	85	50-100	b.36.1_50-100
d2h2ba1	b.36.1.1	b.36	b.36.1	93	50-100	b.36.1_50-100
d2h84a2	c.95.1.0	c.95	c.95.1	149	100-150	c.95.1_100-150
d2hbwa2	d.3.1.16	d.3	d.3.1	146	100-150	d.3.1_100-150
d2heoa_	a.4.5.19	a.4	a.4.5	59	50-100	a.4.5_50-100
d2hgaa1	b.36.1.6	b.36	b.36.1	103	100-150	b.36.1_100-150
d2hiqa_	d.58.4.12	d.58	d.58.4	96	50-100	d.58.4_50-100
d2hoea1	a.4.5.63	a.4	a.4.5	58	50-100	a.4.5_50-100
d2hs5a1	a.4.5.6	a.4	a.4.5	69	50-100	a.4.5_50-100
d2htia1	b.45.1.1	b.45	b.45.1	126	100-150	b.45.1_100-150
d2htja1	a.4.5.73	a.4	a.4.5	73	50-100	a.4.5_50-100
d2huja1	a.24.26.1	a.24	a.24.26	120	100-150	a.24.26_100-150
d2i3da1	c.69.1.36	c.69	c.69.1	218	200-300	c.69.1_200-300
d2i5ia1	c.6.2.8	c.6	c.6.2	261	200-300	c.6.2_200-300
d2ia7a1	d.373.1.1	d.373	d.373.1	111	100-150	d.373.1_100-150
d2ib0a1	a.25.1.9	a.25	a.25.1	142	100-150	a.25.1_100-150
d2iboa1	d.58.48.1	d.58	d.58.48	90	50-100	d.58.48_50-100
d2id4a1	b.18.1.20	b.18	b.18.1	141	100-150	b.18.1_100-150
d2if6a1	d.3.1.21	d.3	d.3.1	182	150-200	d.3.1_150-200
d2ifga1	b.1.1.4	b.1	b.1.1	92	50-100	b.1.1_50-100
d2iiaa_	b.123.1.0	b.123	b.123.1	89	50-100	b.123.1_50-100
d2imha1	d.153.1.7	d.153	d.153.1	225	200-300	d.153.1_200-300
d2io8a3	d.142.1.8	d.142	d.142.1	297	200-300	d.142.1_200-300
d2j01s1	c.55.4.1	c.55	c.55.4	86	50-100	c.55.4_50-100
d2j0wa2	d.58.18.10	d.58	d.58.18	91	50-100	d.58.18_50-100
d2j0wa3	d.58.18.10	d.58	d.58.18	64	50-100	d.58.18_50-100
d2j43a1	b.3.1.3	b.3	b.3.1	107	100-150	b.3.1_100-150
d2j5aa1	d.58.14.1	d.58	d.58.14	106	100-150	d.58.14_100-150
d2jbaa_	c.23.1.1	c.23	c.23.1	125	100-150	c.23.1_100-150
d2jbwa1	c.69.1.41	c.69	c.69.1	359	300-500	c.69.1_300-500
d2jdia2	b.49.1.1	b.49	b.49.1	71	50-100	b.49.1_50-100
d2jdid2	b.49.1.1	b.49	b.49.1	72	50-100	b.49.1_50-100
d2je6i3	d.51.1.1	d.51	d.51.1	61	50-100	d.51.1_50-100
d2joqa1	d.58.54.2	d.58	d.58.54	86	50-100	d.58.54_50-100
d2naca1	c.2.1.4	c.2	c.2.1	188	150-200	c.2.1_150-200
d2nlya1	c.6.2.7	c.6	c.6.2	216	200-300	c.6.2_200-300
d2np3a2	a.121.1.1	a.121	a.121.1	104	100-150	a.121.1_100-150
d2ns0a1	a.4.5.76	a.4	a.4.5	85	50-100	a.4.5_50-100
d2nuha_	d.58.5.2	d.58	d.58.5	104	100-150	d.58.5_100-150
d2nx2a1	c.129.1.2	c.129	c.129.1	177	150-200	c.129.1_150-200
d2nxca1	c.66.1.39	c.66	c.66.1	249	200-300	c.66.1_200-300
d2nzca1	d.58.18.14	d.58	d.58.18	80	50-100	d.58.18_50-100
d2obpa1	a.4.5.71	a.4	a.4.5	81	50-100	a.4.5_50-100
d2od4a1	d.58.4.20	d.58	d.58.4	100	100-150	d.58.4_100-150
d2oh3a1	a.25.1.8	a.25	a.25.1	149	100-150	a.25.1_100-150
d2ovrb2	b.69.4.1	b.69	b.69.4	342	300-500	b.69.4_300-500
d2p0ma2	b.12.1.0	b.12	b.12.1	111	100-150	b.12.1_100-150
d2p4oa1	b.68.6.3	b.68	b.68.6	302	300-500	b.68.6_300-500
d2pbla1	c.69.1.2	c.69	c.69.1	261	200-300	c.69.1_200-300
d2pd1a1	d.58.4.11	d.58	d.58.4	100	100-150	d.58.4_100-150
d2phcb2	d.74.5.1	d.74	d.74.5	84	50-100	d.74.5_50-100
d2piaa1	b.43.4.2	b.43	b.43.4	103	100-150	b.43.4_100-150
d2piaa2	c.25.1.2	c.25	c.25.1	120	100-150	c.25.1_100-150
d2pp6a1	b.106.1.2	b.106	b.106.1	85	50-100	b.106.1_50-100
d2pv7a2	c.2.1.6	c.2	c.2.1	152	150-200	c.2.1_150-200
d2pyba_	a.25.1.1	a.25	a.25.1	151	150-200	a.25.1_150-200
d2q43a2	d.58.19.1	d.58	d.58.19	102	100-150	d.58.19_100-150
d2q4xa_	a.132.1.3	a.132	a.132.1	215	200-300	a.132.1_200-300
d2qalf1	d.58.14.1	d.58	d.58.14	100	100-150	d.58.14_100-150
d2qi2a2	c.55.4.2	c.55	c.55.4	113	100-150	c.55.4_100-150
d2qlvb1	b.1.18.21	b.1	b.1.18	87	50-100	b.1.18_50-100
d2qmwa2	d.58.18.3	d.58	d.58.18	80	50-100	d.58.18_50-100
d2rb8a_	b.1.2.1	b.1	b.1.2	93	50-100	b.1.2_50-100
d2rspa_	b.50.1.1	b.50	b.50.1	115	100-150	b.50.1_100-150
d2v9va1	a.4.5.35	a.4	a.4.5	61	50-100	a.4.5_50-100
d2ve8a_	a.4.5.67	a.4	a.4.5	67	50-100	a.4.5_50-100
d2vgna2	c.55.4.2	c.55	c.55.4	133	100-150	c.55.4_100-150
d2vjva1	d.58.57.1	d.58	d.58.57	125	100-150	d.58.57_100-150
d2vv5a2	d.58.43.1	d.58	d.58.43	101	100-150	d.58.43_100-150
d2vyxa_	d.230.2.1	d.230	d.230.2	67	50-100	d.230.2_50-100
d2w0pa_	b.1.18.10	b.1	b.1.18	93	50-100	b.1.18_50-100
d2xmwa_	d.58.17.0	d.58	d.58.17	67	50-100	d.58.17_50-100
d2ykza_	a.24.3.2	a.24	a.24.3	126	100-150	a.24.3_100-150
d2yrba1	b.7.1.1	b.7	b.7.1	142	100-150	b.7.1_100-150
d2ywqa1	d.204.1.1	d.204	d.204.1	89	50-100	d.204.1_50-100
d2yzca1	d.96.1.4	d.96	d.96.1	131	100-150	d.96.1_100-150
d2z1ea1	d.79.4.1	d.79	d.79.4	113	100-150	d.79.4_100-150
d2z9ia1	b.36.1.4	b.36	b.36.1	87	50-100	b.36.1_50-100
d2zgya2	c.55.1.1	c.55	c.55.1	163	150-200	c.55.1_150-200
d2zkmx2	b.7.1.1	b.7	b.7.1	122	100-150	b.7.1_100-150
d3a0ua_	c.23.1.0	c.23	c.23.1	115	100-150	c.23.1_100-150
d3a6ra_	b.45.1.1	b.45	b.45.1	122	100-150	b.45.1_100-150
d3aama_	c.1.15.0	c.1	c.1.15	269	200-300	c.1.15_200-300
d3ak8a_	a.25.1.1	a.25	a.25.1	154	150-200	a.25.1_150-200
d3amca_	c.1.8.0	c.1	c.1.8	308	300-500	c.1.8_300-500
d3anua2	c.1.6.1	c.1	c.1.6	241	200-300	c.1.6_200-300
d3axaa_	b.36.1.1	b.36	b.36.1	97	50-100	b.36.1_50-100
d3b0ga3	d.58.36.0	d.58	d.58.36	84	50-100	d.58.36_50-100
d3b3ha_	a.25.1.0	a.25	a.25.1	161	150-200	a.25.1_150-200
d3b76a1	b.36.1.0	b.36	b.36.1	91	50-100	b.36.1_50-100
d3b7ya_	b.7.1.0	b.7	b.7.1	144	100-150	b.7.1_100-150
d3b82a3	d.58.11.1	d.58	d.58.11	79	50-100	d.58.11_50-100
d3begb_	d.58.7.1	d.58	d.58.7	86	50-100	d.58.7_50-100
d3bexa1	c.55.1.13	c.55	c.55.1	118	100-150	c.55.1_100-150
d3bgua1	d.58.4.0	d.58	d.58.4	95	50-100	d.58.4_50-100
d3bjsa1	d.54.1.0	d.54	d.54.1	126	100-150	d.54.1_100-150
d3bofa1	c.1.21.2	c.1	c.1.21	260	200-300	c.1.21_200-300
d3bp3a_	d.95.1.1	d.95	d.95.1	81	50-100	d.95.1_50-100
d3bpua1	b.36.1.0	b.36	b.36.1	80	50-100	b.36.1_50-100
d3buea_	d.74.2.0	d.74	d.74.2	78	50-100	d.74.2_50-100
d3bula2	c.23.6.1	c.23	c.23.6	156	150-200	c.23.6_150-200
d3bw6a1	d.110.4.1	d.110	d.110.4	135	100-150	d.110.4_100-150
d3bwga1	a.4.5.6	a.4	a.4.5	78	50-100	a.4.5_50-100
d3by8a_	d.110.6.1	d.110	d.110.6	133	100-150	d.110.6_100-150
d3bz6a1	a.4.5.75	a.4	a.4.5	84	50-100	a.4.5_50-100
d3bz6a2	a.4.5.75	a.4	a.4.5	84	50-100	a.4.5_50-100
d3bzca5	c.55.3.13	c.55	c.55.3	149	100-150	c.55.3_100-150
d3c20a2	d.58.18.0	d.58	d.58.18	96	50-100	d.58.18_50-100
d3c20a3	d.58.18.0	d.58	d.58.18	67	50-100	d.58.18_50-100
d3c8da2	c.69.1.2	c.69	c.69.1	241	200-300	c.69.1_200-300
d3c9ua1	d.79.4.1	d.79	d.79.4	137	100-150	d.79.4_100-150
d3cfya1	c.23.1.0	c.23	c.23.1	127	100-150	c.23.1_100-150
d3cg4a_	c.23.1.0	c.23	c.23.1	126	100-150	c.23.1_100-150
d3cj1a1	c.55.1.15	c.55	c.55.1	143	100-150	c.55.1_100-150
d3cjkb1	d.58.17.1	d.58	d.58.17	71	50-100	d.58.17_50-100
d3ctaa1	a.4.5.28	a.4	a.4.5	85	50-100	a.4.5_50-100
d3cu5a1	c.23.1.0	c.23	c.23.1	122	100-150	c.23.1_100-150
d3cu7ad	b.23.4.1	b.23	b.23.4	113	100-150	b.23.4_100-150
d3cuqa2	a.4.5.0	a.4	a.4.5	77	50-100	a.4.5_50-100
d3cvba_	b.6.1.1	b.6	b.6.1	105	100-150	b.6.1_100-150
d3cz5a_	c.23.1.0	c.23	c.23.1	141	100-150	c.23.1_100-150
d3d19a1	a.29.13.1	a.29	a.29.13	134	100-150	a.29.13_100-150
d3d19a2	a.29.13.1	a.29	a.29.13	130	100-150	a.29.13_100-150
d3d7na_	c.23.5.0	c.23	c.23.5	153	150-200	c.23.5_150-200
d3dbya1	a.29.13.1	a.29	a.29.13	121	100-150	a.29.13_100-150
d3dbya2	a.29.13.1	a.29	a.29.13	135	100-150	a.29.13_100-150
d3dg3a1	d.54.1.0	d.54	d.54.1	113	100-150	d.54.1_100-150
d3dg3a2	c.1.11.0	c.1	c.1.11	242	200-300	c.1.11_200-300
d3dgba1	d.54.1.0	d.54	d.54.1	129	100-150	d.54.1_100-150
d3djca1	c.55.1.0	c.55	c.55.1	121	100-150	c.55.1_100-150
d3dkra_	c.69.1.0	c.69	c.69.1	241	200-300	c.69.1_200-300
d3dxsx_	d.58.17.0	d.58	d.58.17	74	50-100	d.58.17_50-100
d3e5ua1	a.4.5.4	a.4	a.4.5	76	50-100	a.4.5_50-100
d3edea1	b.1.18.0	b.1	b.1.18	93	50-100	b.1.18_50-100
d3eqza1	c.23.1.0	c.23	c.23.1	123	100-150	c.23.1_100-150
d3eula_	c.23.1.0	c.23	c.23.1	123	100-150	c.23.1_100-150
d3ewoa1	c.50.1.0	c.50	c.50.1	174	150-200	c.50.1_150-200
d3ewra_	c.50.1.0	c.50	c.50.1	167	150-200	c.50.1_150-200
d3f0pa1	a.4.5.79	a.4	a.4.5	80	50-100	a.4.5_50-100
d3fdwa_	b.7.1.0	b.7	b.7.1	130	100-150	b.7.1_100-150
d3fmba1	d.58.4.0	d.58	d.58.4	96	50-100	d.58.4_50-100
d3fsta_	c.1.23.1	c.1	c.1.23	286	200-300	c.1.23_200-300
d3fz2a1	d.323.1.1	d.323	d.323.1	123	100-150	d.323.1_100-150
d3gd6a1	d.54.1.0	d.54	d.54.1	122	100-150	d.54.1_100-150
d3gd6a2	c.1.11.0	c.1	c.1.11	252	200-300	c.1.11_200-300
d3gp9a1	d.58.6.1	d.58	d.58.6	130	100-150	d.58.6_100-150
d3gqba1	b.49.1.2	b.49	b.49.1	70	50-100	b.49.1_50-100
d3grca_	c.23.1.0	c.23	c.23.1	121	100-150	c.23.1_100-150
d3gt7a_	c.23.1.0	c.23	c.23.1	132	100-150	c.23.1_100-150
d3gu3a_	c.66.1.49	c.66	c.66.1	276	200-300	c.66.1_200-300
d3h2ve1	d.58.7.1	d.58	d.58.7	72	50-100	d.58.7_50-100
d3hdga1	c.23.1.0	c.23	c.23.1	119	100-150	c.23.1_100-150
d3hdva_	c.23.1.0	c.23	c.23.1	120	100-150	c.23.1_100-150
d3heba1	c.23.1.0	c.23	c.23.1	137	100-150	c.23.1_100-150
d3iqca_	a.24.19.0	a.24	a.24.19	119	100-150	a.24.19_100-150
d3jqwa_	b.18.1.0	b.18	b.18.1	117	100-150	b.18.1_100-150
d3khta_	c.23.1.0	c.23	c.23.1	132	100-150	c.23.1_100-150
d3ktoa_	c.23.1.0	c.23	c.23.1	122	100-150	c.23.1_100-150
d3ljqa_	d.153.1.5	d.153	d.153.1	281	200-300	d.153.1_200-300
d3m5va_	c.1.10.0	c.1	c.1.10	298	200-300	c.1.10_200-300
d3mvua_	a.132.1.0	a.132	a.132.1	225	200-300	a.132.1_200-300
d3n6qa_	c.1.7.0	c.1	c.1.7	314	300-500	c.1.7_300-500
d3nfka_	b.36.1.1	b.36	b.36.1	92	50-100	b.36.1_50-100
d3og9a_	c.69.1.0	c.69	c.69.1	206	200-300	c.69.1_200-300
d3proc2	d.52.1.1	d.52	d.52.1	70	50-100	d.52.1_50-100
d3q15c_	c.23.1.1	c.23	c.23.1	116	100-150	c.23.1_100-150
d3q72a_	c.37.1.8	c.37	c.37.1	138	100-150	c.37.1_100-150
d3s5oa_	c.1.10.0	c.1	c.1.10	296	200-300	c.1.10_200-300
d3t6ka_	c.23.1.0	c.23	c.23.1	122	100-150	c.23.1_100-150
d3taob_	c.1.1.0	c.1	c.1.1	258	200-300	c.1.1_200-300
d3thra_	c.66.1.5	c.66	c.66.1	286	200-300	c.66.1_200-300
d4a25a_	a.25.1.0	a.25	a.25.1	167	150-200	a.25.1_150-200
d4a7wa_	c.73.1.0	c.73	c.73.1	226	200-300	c.73.1_200-300
d4a8xa1	d.58.7.0	d.58	d.58.7	86	50-100	d.58.7_50-100
d4ac9a1	b.43.3.1	b.43	b.43.3	91	50-100	b.43.3_50-100
d4ac9a2	b.43.3.1	b.43	b.43.3	79	50-100	b.43.3_50-100
d4ac9a3	b.44.1.1	b.44	b.44.1	113	100-150	b.44.1_100-150
d4af1a2	c.55.4.0	c.55	c.55.4	133	100-150	c.55.4_100-150
d4awxb1	a.4.5.62	a.4	a.4.5	58	50-100	a.4.5_50-100
d4az9a1	d.189.1.0	d.189	d.189.1	102	100-150	d.189.1_100-150
d4c72a2	c.95.1.0	c.95	c.95.1	157	150-200	c.95.1_150-200
d4cnna_	c.1.10.1	c.1	c.1.10	245	200-300	c.1.10_200-300
d4cvka3	c.59.1.0	c.59	c.59.1	127	100-150	c.59.1_100-150
d4cvra_	a.25.1.1	a.25	a.25.1	156	150-200	a.25.1_150-200
d4cy9a1	a.25.1.1	a.25	a.25.1	167	150-200	a.25.1_150-200
d4cyba_	a.25.1.0	a.25	a.25.1	172	150-200	a.25.1_150-200
d4d6ya_	c.23.1.0	c.23	c.23.1	121	100-150	c.23.1_100-150
d4d86a1	c.50.1.0	c.50	c.50.1	184	150-200	c.50.1_150-200
d4dhga1	d.54.1.0	d.54	d.54.1	124	100-150	d.54.1_100-150
d4dhga2	c.1.11.0	c.1	c.1.11	286	200-300	c.1.11_200-300
d4dnda_	a.47.2.1	a.47	a.47.2	92	50-100	a.47.2_50-100
d4dpoa1	d.58.4.0	d.58	d.58.4	92	50-100	d.58.4_50-100
d4dyea1	d.54.1.0	d.54	d.54.1	120	100-150	d.54.1_100-150
d4e6ma1	d.54.1.1	d.54	d.54.1	122	100-150	d.54.1_100-150
d4e6ma2	c.1.11.2	c.1	c.1.11	278	200-300	c.1.11_200-300
d4e7pa1	c.23.1.0	c.23	c.23.1	130	100-150	c.23.1_100-150
d4eh1a2	c.25.1.0	c.25	c.25.1	128	100-150	c.25.1_100-150
d4eq3a1	b.1.2.0	b.1	b.1.2	98	50-100	b.1.2_50-100
d4euka_	c.23.1.0	c.23	c.23.1	136	100-150	c.23.1_100-150
d4f0ba1	c.47.1.0	c.47	c.47.1	96	50-100	c.47.1_50-100
d4f21a1	c.69.1.0	c.69	c.69.1	215	200-300	c.69.1_200-300
d4f8xa_	c.1.8.0	c.1	c.1.8	335	300-500	c.1.8_300-500
d4fhaa_	c.1.10.0	c.1	c.1.10	306	300-500	c.1.10_300-500
d4fhza1	c.69.1.0	c.69	c.69.1	219	200-300	c.69.1_200-300
d4fyla1	d.204.1.0	d.204	d.204.1	91	50-100	d.204.1_50-100
d4g3ha_	c.42.1.0	c.42	c.42.1	301	300-500	c.42.1_300-500
d4g8ta1	d.54.1.0	d.54	d.54.1	132	100-150	d.54.1_100-150
d4gqna1	b.43.4.0	b.43	b.43.4	96	50-100	b.43.4_50-100
d4gs7b2	b.1.2.1	b.1	b.1.2	101	100-150	b.1.2_100-150
d4gs7c2	b.1.2.1	b.1	b.1.2	98	50-100	b.1.2_50-100
d4h0ca1	c.69.1.0	c.69	c.69.1	202	200-300	c.69.1_200-300
d4h2ha1	d.54.1.0	d.54	d.54.1	124	100-150	d.54.1_100-150
d4h2ha2	c.1.11.0	c.1	c.1.11	242	200-300	c.1.11_200-300
d4h60a1	c.23.1.0	c.23	c.23.1	119	100-150	c.23.1_100-150
d4h83a1	d.54.1.0	d.54	d.54.1	118	100-150	d.54.1_100-150
d4h8wc2	b.1.1.3	b.1	b.1.1	79	50-100	b.1.1_50-100
d4hasa_	d.189.1.0	d.189	d.189.1	104	100-150	d.189.1_100-150
d4hcha1	d.54.1.0	d.54	d.54.1	126	100-150	d.54.1_100-150
d5a62a_	c.69.1.0	c.69	c.69.1	272	200-300	c.69.1_200-300
d5af7a2	a.29.3.0	a.29	a.29.3	160	150-200	a.29.3_150-200
d5b08a_	d.58.4.0	d.58	d.58.4	100	100-150	d.58.4_100-150
d5c1ta1	c.37.1.0	c.37	c.37.1	135	100-150	c.37.1_100-150
d5c1ta2	c.37.1.0	c.37	c.37.1	150	150-200	c.37.1_150-200
d5c71a2	b.1.4.0	b.1	b.1.4	95	50-100	b.1.4_50-100
d5dcla_	c.23.1.0	c.23	c.23.1	117	100-150	c.23.1_100-150
d5diib2	d.58.56.0	d.58	d.58.56	87	50-100	d.58.56_50-100
d5efza_	c.69.1.0	c.69	c.69.1	347	300-500	c.69.1_300-500
d5egna_	c.69.1.0	c.69	c.69.1	260	200-300	c.69.1_200-300
d5fb8c_	b.36.1.0	b.36	b.36.1	84	50-100	b.36.1_50-100
d5frda1	c.69.1.0	c.69	c.69.1	252	200-300	c.69.1_200-300
d5h3ha_	c.69.1.0	c.69	c.69.1	268	200-300	c.69.1_200-300
d5hbaa_	b.22.1.0	b.22	b.22.1	133	100-150	b.22.1_100-150
d5hc0a_	c.69.1.0	c.69	c.69.1	338	300-500	c.69.1_300-500
d5hj1a_	b.36.1.0	b.36	b.36.1	96	50-100	b.36.1_50-100
d5hjfa_	a.25.1.0	a.25	a.25.1	179	150-200	a.25.1_150-200
d5nula_	c.23.5.1	c.23	c.23.5	138	100-150	c.23.5_100-150
d5ruba1	c.1.14.1	c.1	c.1.14	311	300-500	c.1.14_300-500
d6a3ka_	a.24.3.0	a.24	a.24.3	129	100-150	a.24.3_100-150
d6avxa_	c.69.1.0	c.69	c.69.1	208	200-300	c.69.1_200-300
d6avya_	c.69.1.0	c.69	c.69.1	231	200-300	c.69.1_200-300
d6btya_	b.7.1.0	b.7	b.7.1	122	100-150	b.7.1_100-150
d6c3ma1	d.58.36.0	d.58	d.58.36	66	50-100	d.58.36_50-100
d6c3ma3	d.58.36.0	d.58	d.58.36	80	50-100	d.58.36_50-100
d6ekgy_	c.23.1.0	c.23	c.23.1	121	100-150	c.23.1_100-150
d6eqea1	c.69.1.0	c.69	c.69.1	204	200-300	c.69.1_200-300
d6ez7a1	d.58.7.0	d.58	d.58.7	81	50-100	d.58.7_50-100
d6f9oa1	c.69.1.0	c.69	c.69.1	303	300-500	c.69.1_300-500
d6ff2a_	d.58.17.1	d.58	d.58.17	67	50-100	d.58.17_50-100
d6gbda1	b.36.1.0	b.36	b.36.1	212	200-300	b.36.1_200-300
d7at0a_	c.69.1.0	c.69	c.69.1	295	200-300	c.69.1_200-300
d7bipa_	c.1.16.0	c.1	c.1.16	329	300-500	c.1.16_300-500
d7c0da_	c.1.10.0	c.1	c.1.10	303	300-500	c.1.10_300-500
d7cc3a1	c.101.1.0	c.101	c.101.1	207	200-300	c.101.1_200-300
d7ccia1	c.23.1.0	c.23	c.23.1	130	100-150	c.23.1_100-150
d7ci0a_	c.69.1.0	c.69	c.69.1	222	200-300	c.69.1_200-300
d7cv2a1	a.4.5.0	a.4	a.4.5	64	50-100	a.4.5_50-100
d7d59k_	d.74.3.0	d.74	d.74.3	107	100-150	d.74.3_100-150
d7d6fa_	b.36.1.0	b.36	b.36.1	87	50-100	b.36.1_50-100
d7diea_	a.25.1.0	a.25	a.25.1	164	150-200	a.25.1_150-200
d7ezia1	c.1.7.0	c.1	c.1.7	316	300-500	c.1.7_300-500
